{
    "layer_1_size": 512,
    "l2_1": 3.303770793595174e-05,
    "dropout_1": 0.0,
    "layer_2_size": 256,
    "l2_2": 3.3562867264725104e-05,
    "dropout_2": 0.0,
    "layer_3_size": 32,
    "lr": 0.0003470659139882475
}